SMILES,predicted_proxy,novelty,MW
O=P(O)(O)Oc1nc(-c2ccccc2)nc(-c2ccccc2)n1,0.5435,0.6061,329.25
O=P(O)(O)c1nc(-c2ccccc2)nc(-c2ccccc2)n1,0.5431,0.5714,313.25
O=P(O)(O)c1cc(-c2ccccc2)cc(-c2ccccc2)c1,0.5381,0.4167,310.29
O=P(O)(O)Oc1cc(-c2ccccc2)cc(-c2ccccc2)c1,0.5379,0.5333,326.29
O=P(O)(O)Oc1nc(OP(=O)(O)O)nc(-c2ccccc2)n1,0.5224,0.6061,349.13
O=P(O)(O)Oc1nc(O)nc(-c2ccccc2)n1,0.5151,0.6486,269.15
O=P(O)(O)c1nc(-c2ccccc2)nc(P(=O)(O)O)n1,0.5120,0.5714,317.13
O=P(O)(O)c1nc(-c2ccccc2)nc(S(=O)(=O)O)n1,0.5117,0.6667,317.22
O=P(O)(O)Oc1nc(-c2ccccc2)nc(S(=O)(=O)O)n1,0.5112,0.6829,333.22
O=P(O)(O)Oc1nc(-c2ccccc2)nc(P(=O)(O)O)n1,0.5102,0.6579,333.13
O=P(O)(O)Oc1nc(O)nc(OP(=O)(O)O)n1,0.5059,0.7419,289.03
Nc1nc(OP(=O)(O)O)nc(-c2ccccc2)n1,0.5028,0.6579,268.17
O=P(O)(O)Oc1cc(-c2ccccc2)cc(P(=O)(O)O)c1,0.5011,0.5625,330.17
O=P(O)(O)c1cc(-c2ccccc2)cc(S(=O)(=O)O)c1,0.4997,0.5625,314.25
O=P(O)(O)c1cc(-c2ccccc2)cc(P(=O)(O)O)c1,0.4997,0.4167,314.17
O=P(O)(O)c1ccc(S(=O)(=O)c2ccccc2)cc1,0.4995,0.4000,298.26
O=P(O)(O)Oc1ccc(S(=O)(=O)c2ccccc2)cc1,0.4966,0.4815,314.26
O=P(O)(O)Oc1cc(OP(=O)(O)O)cc(-c2ccccc2)c1,0.4962,0.5333,346.17
O=S(=O)(O)c1nc(-c2ccccc2)nc(-c2ccccc2)n1,0.4958,0.6800,313.34
O=P(O)(O)Oc1nc(OP(=O)(O)O)nc(OP(=O)(O)O)n1,0.4949,0.7037,369.01
O=P(O)(O)Oc1nc(OP(=O)(O)O)nc(S(=O)(=O)O)n1,0.4947,0.7714,353.10
O=P(O)(O)Oc1cc(-c2ccccc2)cc(S(=O)(=O)O)c1,0.4946,0.6316,330.25
Nc1nc(OP(=O)(O)O)nc(OP(=O)(O)O)n1,0.4942,0.6818,288.05
O=P(O)(O)Oc1nc(OP(=O)(O)O)nc(P(=O)(O)O)n1,0.4938,0.7500,353.01
O=P(O)(O)Oc1cc(O)cc(-c2ccccc2)c1,0.4936,0.5882,266.19
O=P(O)(O)c1nc(O)nc(-c2ccccc2)n1,0.4935,0.6250,253.15
c1ccc(-c2nc(-c3ccccc3)nc(-c3ccccc3)n2)cc1,0.4908,0.4667,309.37
Nc1cc(OP(=O)(O)O)cc(-c2ccccc2)c1,0.4880,0.6000,265.20
O=P(O)(O)Oc1nc(O)nc(S(=O)(=O)O)n1,0.4874,0.7949,273.12
O=P(O)(O)Oc1nc(O)nc(P(=O)(O)O)n1,0.4868,0.7778,273.03
O=P(O)(O)Oc1ccc(Oc2ccccc2)cc1,0.4847,0.3846,266.19
O=P(O)(O)c1nc(P(=O)(O)O)nc(S(=O)(=O)O)n1,0.4835,0.7667,321.10
O=P(O)(O)c1nc(P(=O)(O)O)nc(P(=O)(O)O)n1,0.4834,0.6429,321.02
O=P(O)(O)Oc1nc(S(=O)(=O)O)nc(S(=O)(=O)O)n1,0.4833,0.7714,337.18
O=P(O)(O)c1nc(S(=O)(=O)O)nc(S(=O)(=O)O)n1,0.4831,0.7667,321.19
Nc1nc(-c2ccccc2)nc(P(=O)(O)O)n1,0.4828,0.6250,252.17
O=P(O)(O)Oc1nc(P(=O)(O)O)nc(S(=O)(=O)O)n1,0.4826,0.8000,337.10
O=P(O)(O)Oc1nc(P(=O)(O)O)nc(P(=O)(O)O)n1,0.4825,0.7500,337.01
Nc1nc(OP(=O)(O)O)nc(S(=O)(=O)O)n1,0.4766,0.7667,272.13
Nc1nc(OP(=O)(O)O)nc(P(=O)(O)O)n1,0.4758,0.7407,272.05
O=P(O)(O)Oc1cc(O)cc(OP(=O)(O)O)c1,0.4730,0.6552,286.07
O=P(O)(O)c1cc(O)cc(-c2ccccc2)c1,0.4729,0.5000,250.19
O=S(=O)(O)c1nc(-c2ccccc2)nc(S(=O)(=O)O)n1,0.4726,0.6800,317.30
Nc1cc(OP(=O)(O)O)cc(OP(=O)(O)O)c1,0.4705,0.6667,285.08
O=P(O)(O)c1nc(O)nc(S(=O)(=O)O)n1,0.4704,0.7941,257.12
Nc1cc(-c2ccccc2)cc(P(=O)(O)O)c1,0.4698,0.5172,249.21
O=P(O)(O)Oc1cc(OP(=O)(O)O)cc(P(=O)(O)O)c1,0.4684,0.6296,350.05
O=P(O)(O)Oc1cc(P(=O)(O)O)cc(S(=O)(=O)O)c1,0.4680,0.7143,334.14
O=P(O)(O)c1ccc(Oc2ccccc2)cc1,0.4680,0.3750,250.19
O=P(O)(O)c1cc(S(=O)(=O)O)cc(S(=O)(=O)O)c1,0.4674,0.6296,318.22
O=P(O)(O)Oc1cc(P(=O)(O)O)cc(P(=O)(O)O)c1,0.4673,0.6207,334.05
O=P(O)(O)c1nc(O)nc(P(=O)(O)O)n1,0.4672,0.7222,257.04
O=P(O)(O)Oc1cc(O)cc(P(=O)(O)O)c1,0.4666,0.6774,270.07
O=P(O)(O)c1cc(P(=O)(O)O)cc(P(=O)(O)O)c1,0.4666,0.4737,318.05
O=P(O)(O)c1cc(P(=O)(O)O)cc(S(=O)(=O)O)c1,0.4661,0.6296,318.14
Oc1nc(-c2ccccc2)nc(-c2ccccc2)n1,0.4659,0.6000,249.27
O=P(O)(O)Oc1ccccc1OP(=O)(O)O,0.4654,0.5200,270.07
O=S(=O)(c1ccccc1)c1ccc(-c2ccccc2)cc1,0.4636,0.2632,294.38
Nc1cc(OP(=O)(O)O)cc(P(=O)(O)O)c1,0.4634,0.6875,269.09
O=P(O)(O)Oc1cc(OP(=O)(O)O)cc(OP(=O)(O)O)c1,0.4634,0.6000,366.05
O=P(O)(O)Oc1cc(S(=O)(=O)O)cc(S(=O)(=O)O)c1,0.4626,0.6970,334.22
O=P(O)(O)Oc1cc(OP(=O)(O)O)cc(S(=O)(=O)O)c1,0.4624,0.6970,350.13
O=S(=O)(O)c1cc(-c2ccccc2)cc(-c2ccccc2)c1,0.4616,0.5909,310.37
Nc1cc(OP(=O)(O)O)cc(S(=O)(=O)O)c1,0.4613,0.7368,269.17
O=P(O)(O)Oc1cc(O)cc(S(=O)(=O)O)c1,0.4595,0.7297,270.15
Nc1nc(-c2ccccc2)nc(-c2ccccc2)n1,0.4585,0.5217,248.29
Nc1nc(P(=O)(O)O)nc(P(=O)(O)O)n1,0.4572,0.6316,256.05
Nc1nc(P(=O)(O)O)nc(S(=O)(=O)O)n1,0.4569,0.7407,256.14
O=P(O)(O)Oc1ccc(-c2ccccc2)cc1,0.4565,0.4444,250.19
O=P(O)(O)Oc1ccc(OP(=O)(O)O)cc1,0.4536,0.4783,270.07
O=P(O)(O)Oc1ccccc1-c1ccccc1,0.4535,0.5806,250.19
c1ccc(-c2cc(-c3ccccc3)cc(-c3ccccc3)c2)cc1,0.4525,0.2500,306.41
O=S(=O)(O)c1nc(O)nc(-c2ccccc2)n1,0.4523,0.7241,253.24
O=S(=O)(O)c1nc(S(=O)(=O)O)nc(S(=O)(=O)O)n1,0.4480,0.8125,321.27
Nc1nc(-c2ccccc2)nc(S(=O)(=O)O)n1,0.4448,0.7059,252.26
Nc1cc(P(=O)(O)O)cc(S(=O)(=O)O)c1,0.4413,0.6875,253.17
Nc1cc(P(=O)(O)O)cc(P(=O)(O)O)c1,0.4410,0.5833,253.09
O=P(O)(O)c1cc(O)cc(S(=O)(=O)O)c1,0.4372,0.6774,254.16
O=P(O)(O)Oc1ccc(P(=O)(O)O)cc1,0.4368,0.5200,254.07
O=P(O)(O)c1cc(O)cc(P(=O)(O)O)c1,0.4368,0.5652,254.07
O=P(O)(O)Oc1ccccc1P(=O)(O)O,0.4367,0.6000,254.07
O=P(O)(O)Oc1ccccc1S(=O)(=O)O,0.4333,0.6364,254.16
O=S(=O)(O)c1nc(O)nc(S(=O)(=O)O)n1,0.4333,0.8500,257.20
O=S(=O)(O)c1cc(-c2ccccc2)cc(S(=O)(=O)O)c1,0.4250,0.5909,314.34
Nc1nc(S(=O)(=O)O)nc(S(=O)(=O)O)n1,0.4246,0.6316,256.22
O=S(=O)(O)c1ccc(S(=O)(=O)c2ccccc2)cc1,0.4227,0.3000,298.34
O=P(O)(O)Oc1ccc(S(=O)(=O)O)cc1,0.4212,0.6129,254.16
O=P(O)(O)Oc1nc(O)nc(O)n1,0.4212,0.7000,209.05
Nc1nc(O)nc(OP(=O)(O)O)n1,0.4184,0.7308,208.07
Nc1cc(-c2ccccc2)cc(S(=O)(=O)O)c1,0.4179,0.6000,249.29
Nc1nc(N)nc(OP(=O)(O)O)n1,0.4141,0.6190,207.09
O=P(O)(O)c1nc(O)nc(O)n1,0.4131,0.7222,193.06
Nc1nc(O)nc(P(=O)(O)O)n1,0.4088,0.6957,192.07
Nc1nc(N)nc(P(=O)(O)O)n1,0.4075,0.5556,191.09
O=P(O)(O)c1ccc(-c2ccccc2)cc1,0.4063,0.2857,234.19
Nc1cc(-c2ccccc2)cc(-c2ccccc2)c1,0.4039,0.4000,245.33
Nc1cc(S(=O)(=O)O)cc(S(=O)(=O)O)c1,0.3965,0.7619,253.26
Oc1nc(O)nc(O)n1,0.3957,0.7692,129.07
O=P(O)(O)c1ccncc1,0.3949,0.4545,159.08
O=P(O)(O)c1ccc2ccccc2c1,0.3939,0.4800,208.15
Nc1nc(N)nc(N)n1,0.3932,0.0000,126.12
O=S(=O)(O)c1nc(O)nc(O)n1,0.3928,0.8519,193.14
Nc1nc(O)nc(O)n1,0.3914,0.5000,128.09
Nc1nc(N)nc(O)n1,0.3900,0.3846,127.11
Nc1cc(N)cc(OP(=O)(O)O)c1,0.3896,0.6667,204.12
Nc1ccccc1P(=O)(O)O,0.3894,0.5600,173.11
Nc1cc(O)cc(OP(=O)(O)O)c1,0.3894,0.7059,205.11
Nc1nc(N)nc(S(=O)(=O)O)n1,0.3887,0.5556,191.17
Nc1nc(O)nc(S(=O)(=O)O)n1,0.3884,0.6957,192.16
Nc1cc(N)cc(P(=O)(O)O)c1,0.3876,0.5833,188.12
O=S(=O)(O)c1cc(O)cc(-c2ccccc2)c1,0.3875,0.6538,250.28
Nc1ccccc1OP(=O)(O)O,0.3874,0.6000,189.11
O=P(O)(O)Oc1ccncc1,0.3863,0.5714,175.08
Nc1cc(O)cc(P(=O)(O)O)c1,0.3845,0.6429,189.11
O=P(O)(O)c1ccccc1,0.3831,0.0000,158.09
O=P(O)(O)c1ccccc1-c1ccccc1,0.3820,0.5385,234.19
O=S(=O)(O)c1cc(S(=O)(=O)O)cc(S(=O)(=O)O)c1,0.3813,0.7143,318.31
O=P(O)(O)c1ccc(P(=O)(O)O)cc1,0.3802,0.2941,238.07
Oc1nc(O)nc(-c2ccccc2)n1,0.3800,0.6000,189.17
O=P(O)(O)c1ccc(S(=O)(=O)O)cc1,0.3796,0.5200,238.16
O=S(=O)(O)c1ccc(Oc2ccccc2)cc1,0.3794,0.4783,250.28
O=P(O)(O)Oc1ccc2ccccc2c1,0.3787,0.5667,224.15
Nc1nc(N)nc(-c2ccccc2)n1,0.3785,0.5789,187.21
Nc1nc(O)nc(-c2ccccc2)n1,0.3773,0.6429,188.19
Nc1ccc(P(=O)(O)O)cc1,0.3760,0.4545,173.11
O=P(O)(O)c1ccccc1P(=O)(O)O,0.3708,0.4500,238.07
O=P(O)(O)c1ccccc1S(=O)(=O)O,0.3703,0.6071,238.16
O=S(=O)(O)c1ccncc1,0.3702,0.7200,159.17
c1ccc(-c2ccncc2)cc1,0.3686,0.4000,155.20
Nc1ccc(OP(=O)(O)O)cc1,0.3679,0.5714,189.11
Oc1cc(-c2ccccc2)cc(-c2ccccc2)c1,0.3574,0.4706,246.31
O=P(O)(O)c1ccc(O)cc1,0.3570,0.4286,174.09
Nc1cc(N)cc(N)c1,0.3557,0.5455,123.16
c1ccc(Oc2ccc(-c3ccccc3)cc2)cc1,0.3539,0.2941,246.31
Nc1ccc2ccccc2c1,0.3524,0.5000,143.19
Nc1ccc(S(=O)(=O)c2ccccc2)cc1,0.3524,0.3000,233.29
Nc1ccccc1S(=O)(=O)O,0.3513,0.6923,173.19
Nc1cc(N)cc(O)c1,0.3510,0.6875,124.14
O=P(O)(O)c1cc(O)cc(O)c1,0.3503,0.5652,190.09
Nc1ccccc1-c1ccccc1,0.3496,0.5455,169.23
Nc1cc(N)cc(-c2ccccc2)c1,0.3492,0.4000,184.24
Nc1cc(N)cc(S(=O)(=O)O)c1,0.3470,0.7619,188.21
O=P(O)(O)Oc1cc(O)cc(O)c1,0.3454,0.6552,206.09
Nc1ccc(-c2ccccc2)cc1,0.3440,0.0000,169.23
O=S(=O)(O)c1cc(O)cc(S(=O)(=O)O)c1,0.3424,0.7600,254.24
Nc1cc(O)cc(O)c1,0.3420,0.6875,125.13
O=P(O)(O)Oc1ccccc1O,0.3416,0.5556,190.09
Nc1cc(O)cc(-c2ccccc2)c1,0.3409,0.5200,185.23
O=P(O)(O)c1ccccc1O,0.3393,0.5217,174.09
Nc1cc(O)cc(S(=O)(=O)O)c1,0.3388,0.8000,189.19
Nc1ccc(Oc2ccccc2)cc1,0.3371,0.3333,185.23
O=P(O)(O)Oc1ccccc1,0.3349,0.2727,174.09
Nc1ccc(S(=O)(=O)O)cc1,0.3340,0.5556,173.19
O=P(O)(O)Oc1ccc(O)cc1,0.3293,0.5556,190.09
N#Cc1cc(-c2ccccc2)cc(P(=O)(O)O)c1,0.3219,0.5625,259.20
c1ccc(-c2ccc3ccccc3c2)cc1,0.3195,0.5000,204.27
N#Cc1nc(OP(=O)(O)O)nc(-c2ccccc2)n1,0.3182,0.6829,278.16
N#Cc1nc(-c2ccccc2)nc(P(=O)(O)O)n1,0.3180,0.6667,262.17
c1ccc(-c2ccc(-c3ccccc3)cc2)cc1,0.3152,0.1000,230.31
c1ccc(-c2ccccc2-c2ccccc2)cc1,0.3143,0.3846,230.31
N#Cc1cc(OP(=O)(O)O)cc(-c2ccccc2)c1,0.3122,0.6316,275.20
Cc1nc(OP(=O)(O)O)nc(-c2ccccc2)n1,0.3097,0.6579,267.18
Cc1cc(-c2ccccc2)cc(P(=O)(O)O)c1,0.3093,0.5172,248.22
Cc1nc(-c2ccccc2)nc(P(=O)(O)O)n1,0.3064,0.6364,251.18
O=S(=O)(c1ccccc1)c1ccc(O)cc1,0.3061,0.3000,234.28
O=S(=O)(O)c1ccc2ccccc2c1,0.3061,0.6087,208.24
O=S(=O)(O)c1ccccc1-c1ccccc1,0.3055,0.6522,234.28
O=S(=O)(O)c1ccc(-c2ccccc2)cc1,0.3048,0.5500,234.28
CCOP(=O)(OCC)c1ccc(-c2ccccc2)cc1,0.3033,0.2222,290.30
CCOP(=O)(OCC)c1cc(-c2ccccc2)cc(-c2ccccc2)c1,0.3023,0.3333,366.40
CCOP(=O)(OCC)c1ccc(Oc2ccccc2)cc1,0.2990,0.2759,306.30
O=C(O)c1cc(-c2ccccc2)cc(P(=O)(O)O)c1,0.2990,0.5333,278.20
CCOP(=O)(OCC)c1ccc(S(=O)(=O)c2ccccc2)cc1,0.2987,0.3226,354.36
O=C(O)c1nc(OP(=O)(O)O)nc(-c2ccccc2)n1,0.2981,0.6667,297.16
O=C(O)c1nc(-c2ccccc2)nc(P(=O)(O)O)n1,0.2971,0.6471,281.16
Cc1cc(OP(=O)(O)O)cc(-c2ccccc2)c1,0.2957,0.6000,264.22
CCOP(=O)(OCC)c1nc(-c2ccccc2)nc(-c2ccccc2)n1,0.2924,0.4706,369.36
CCOP(=O)(OCC)c1ccccc1,0.2916,0.0000,214.20
N#Cc1nc(-c2ccccc2)nc(-c2ccccc2)n1,0.2894,0.6522,258.28
CCOP(=O)(OCC)c1cc(N)cc(-c2ccccc2)c1,0.2887,0.4286,305.31
O=C(O)c1cc(OP(=O)(O)O)cc(-c2ccccc2)c1,0.2868,0.6111,294.20
N#Cc1nc(-c2ccccc2)nc(S(=O)(=O)O)n1,0.2861,0.7568,262.25
N#Cc1cc(-c2ccccc2)cc(-c2ccccc2)c1,0.2846,0.5500,255.32
N#Cc1cc(OP(=O)(O)O)cc(P(=O)(O)O)c1,0.2840,0.7143,279.08
Oc1ccc2ccccc2c1,0.2833,0.5000,144.17
CCOP(=O)(OCC)c1cc(OP(=O)(O)O)cc(-c2ccccc2)c1,0.2816,0.4872,386.28
CCOP(=O)(OCC)c1cc(-c2ccccc2)cc(P(=O)(O)O)c1,0.2815,0.4286,370.28
CCOP(=O)(OCC)c1cc(C#N)cc(-c2ccccc2)c1,0.2813,0.4737,315.31
CCOP(=O)(OCC)c1ccc2ccccc2c1,0.2811,0.3871,264.26
Oc1cc(O)cc(-c2ccccc2)c1,0.2811,0.4706,186.21
N#Cc1nc(OP(=O)(O)O)nc(OP(=O)(O)O)n1,0.2810,0.7714,298.04
N#Cc1cc(P(=O)(O)O)cc(P(=O)(O)O)c1,0.2807,0.6296,263.08
CCOP(=O)(OCC)c1nc(N)nc(-c2ccccc2)n1,0.2803,0.5263,308.28
CCOP(=O)(OCC)c1cc(O)cc(-c2ccccc2)c1,0.2799,0.4286,306.30
Oc1ccc(Oc2ccccc2)cc1,0.2790,0.3333,186.21
N#Cc1nc(OP(=O)(O)O)nc(P(=O)(O)O)n1,0.2790,0.8000,282.05
O=C(O)c1nc(-c2ccccc2)nc(-c2ccccc2)n1,0.2782,0.5600,277.28
Oc1ccc(-c2ccccc2)cc1,0.2781,0.4000,170.21
N#Cc1nc(OP(=O)(O)O)nc(S(=O)(=O)O)n1,0.2779,0.8140,282.13
CCOP(=O)(OCC)c1cc(-c2ccccc2)cc(S(=O)(=O)O)c1,0.2771,0.4872,370.36
N#Cc1nc(P(=O)(O)O)nc(P(=O)(O)O)n1,0.2768,0.7667,266.05
Oc1ccccc1-c1ccccc1,0.2760,0.5294,170.21
N#Cc1nc(P(=O)(O)O)nc(S(=O)(=O)O)n1,0.2754,0.8158,266.13
CCOP(=O)(OCC)c1cc(C)cc(-c2ccccc2)c1,0.2753,0.4118,304.33
Cc1nc(-c2ccccc2)nc(S(=O)(=O)O)n1,0.2746,0.7333,251.27
Cc1nc(-c2ccccc2)nc(-c2ccccc2)n1,0.2741,0.6000,247.30
O=S(=O)(O)c1ccccc1S(=O)(=O)O,0.2741,0.6190,238.24
N#Cc1cc(OP(=O)(O)O)cc(OP(=O)(O)O)c1,0.2740,0.6875,295.08
CCOP(=O)(OCC)c1nc(OP(=O)(O)O)nc(-c2ccccc2)n1,0.2740,0.5814,389.24
CCOP(=O)(OCC)c1nc(C#N)nc(-c2ccccc2)n1,0.2739,0.5714,318.27
CCOP(=O)(OCC)c1nc(-c2ccccc2)nc(P(=O)(O)O)n1,0.2738,0.5385,373.24
CCOP(=O)(OCC)c1nc(O)nc(-c2ccccc2)n1,0.2738,0.5385,309.26
N#Cc1ccc(P(=O)(O)O)cc1,0.2735,0.5200,183.10
N#Cc1cc(P(=O)(O)O)cc(S(=O)(=O)O)c1,0.2733,0.7143,263.17
N#Cc1cc(O)cc(P(=O)(O)O)c1,0.2732,0.6774,199.10
N#Cc1cc(N)cc(P(=O)(O)O)c1,0.2730,0.6875,198.12
Cc1nc(OP(=O)(O)O)nc(OP(=O)(O)O)n1,0.2729,0.7308,287.06
N#Cc1ccccc1P(=O)(O)O,0.2723,0.6071,183.10
N#Cc1nc(O)nc(OP(=O)(O)O)n1,0.2721,0.7895,218.07
N#Cc1ccc(S(=O)(=O)c2ccccc2)cc1,0.2720,0.3913,243.29
CCOP(=O)(OCC)c1nc(-c2ccccc2)nc(S(=O)(=O)O)n1,0.2718,0.5814,373.33
N#Cc1ccccc1OP(=O)(O)O,0.2715,0.6364,199.10
N#Cc1nc(O)nc(P(=O)(O)O)n1,0.2714,0.7879,202.07
Cc1nc(OP(=O)(O)O)nc(P(=O)(O)O)n1,0.2711,0.7742,271.06
N#Cc1nc(N)nc(P(=O)(O)O)n1,0.2708,0.7407,201.08
Cc1cc(OP(=O)(O)O)cc(P(=O)(O)O)c1,0.2706,0.6875,268.10
Cc1nc(OP(=O)(O)O)nc(S(=O)(=O)O)n1,0.2705,0.7941,271.15
c1ccc(-c2ccccc2)cc1,0.2696,0.0000,154.21
N#Cc1nc(N)nc(OP(=O)(O)O)n1,0.2690,0.7667,217.08
CCOP(=O)(OCC)c1nc(C)nc(-c2ccccc2)n1,0.2687,0.5263,307.29
N#Cc1nc(N)nc(-c2ccccc2)n1,0.2683,0.6875,197.20
N#Cc1nc(O)nc(-c2ccccc2)n1,0.2677,0.7037,198.19
Cc1nc(P(=O)(O)O)nc(P(=O)(O)O)n1,0.2670,0.7000,255.06
Cc1nc(P(=O)(O)O)nc(S(=O)(=O)O)n1,0.2661,0.7778,255.15
Cc1cc(P(=O)(O)O)cc(P(=O)(O)O)c1,0.2651,0.5833,252.10
N#Cc1cc(OP(=O)(O)O)cc(S(=O)(=O)O)c1,0.2648,0.7561,279.17
Cc1cc(N)cc(P(=O)(O)O)c1,0.2647,0.6552,187.13
N#Cc1cc(-c2ccccc2)cc(S(=O)(=O)O)c1,0.2646,0.7000,259.29
Cc1nc(O)nc(P(=O)(O)O)n1,0.2645,0.7500,191.08
Cc1nc(N)nc(P(=O)(O)O)n1,0.2643,0.7083,190.10
O=C(O)c1cc(-c2ccccc2)cc(-c2ccccc2)c1,0.2641,0.4545,274.32
Cc1nc(O)nc(OP(=O)(O)O)n1,0.2639,0.7667,207.08
O=C(O)c1cc(OP(=O)(O)O)cc(P(=O)(O)O)c1,0.2635,0.6667,298.08
O=S(=O)(O)c1ccc(S(=O)(=O)O)cc1,0.2633,0.6500,238.24
N#Cc1cc(C#N)cc(P(=O)(O)O)c1,0.2630,0.6296,208.11
N#Cc1cc(O)cc(OP(=O)(O)O)c1,0.2629,0.7297,215.10
O=C(O)c1nc(-c2ccccc2)nc(S(=O)(=O)O)n1,0.2629,0.6667,281.25
O=C(O)c1cc(P(=O)(O)O)cc(P(=O)(O)O)c1,0.2628,0.5600,282.08
CCOP(=O)(OCC)c1ccncc1,0.2624,0.3571,215.19
O=C(O)c1nc(OP(=O)(O)O)nc(OP(=O)(O)O)n1,0.2623,0.7273,317.04
O=C(O)c1cc(P(=O)(O)O)cc(S(=O)(=O)O)c1,0.2623,0.6562,282.17
CCOP(=O)(OCC)c1cc(-c2ccccc2)cc(P(=O)(OCC)OCC)c1,0.2614,0.3333,426.39
O=C(O)c1nc(P(=O)(O)O)nc(P(=O)(O)O)n1,0.2614,0.7143,285.05
O=C(O)c1nc(OP(=O)(O)O)nc(P(=O)(O)O)n1,0.2612,0.7568,301.04
Cc1nc(N)nc(OP(=O)(O)O)n1,0.2609,0.7407,206.10
N#Cc1cc(N)cc(OP(=O)(O)O)c1,0.2604,0.7368,214.12
N#Cc1ccc(OP(=O)(O)O)cc1,0.2604,0.6129,199.10
O=C(O)c1nc(P(=O)(O)O)nc(S(=O)(=O)O)n1,0.2597,0.7778,285.13
Cc1nc(N)nc(-c2ccccc2)n1,0.2596,0.6552,186.22
O=C(O)c1nc(OP(=O)(O)O)nc(S(=O)(=O)O)n1,0.2595,0.7805,301.13
Cc1cc(P(=O)(O)O)cc(S(=O)(=O)O)c1,0.2593,0.6875,252.18
Cc1nc(O)nc(-c2ccccc2)n1,0.2587,0.6800,187.20
N#Cc1ccc(Oc2ccccc2)cc1,0.2581,0.4286,195.22
CCOP(=O)(OCC)c1nc(-c2ccccc2)nc(P(=O)(OCC)OCC)n1,0.2572,0.4706,429.35
Cc1cc(O)cc(P(=O)(O)O)c1,0.2569,0.6429,188.12
N#Cc1cc(N)cc(-c2ccccc2)c1,0.2568,0.5714,194.24
Cc1cc(OP(=O)(O)O)cc(OP(=O)(O)O)c1,0.2566,0.6667,284.10
CCOP(=O)(OCC)c1cc(C(=O)O)cc(-c2ccccc2)c1,0.2563,0.4595,334.31
N#Cc1cc(O)cc(-c2ccccc2)c1,0.2563,0.6400,195.22
Cc1cc(-c2ccccc2)cc(-c2ccccc2)c1,0.2556,0.4706,244.34
Cc1ccccc1OP(=O)(O)O,0.2551,0.6000,188.12
N#Cc1ccc(-c2ccccc2)cc1,0.2545,0.5000,179.22
N#Cc1nc(C#N)nc(P(=O)(O)O)n1,0.2544,0.7667,211.08
O=C(O)c1nc(O)nc(P(=O)(O)O)n1,0.2539,0.7500,221.07
O=S(=O)(O)c1ccccc1O,0.2526,0.6667,174.18
CCOP(=O)(OCC)c1nc(C(=O)O)nc(-c2ccccc2)n1,0.2518,0.5610,337.27
O=C(O)c1nc(O)nc(-c2ccccc2)n1,0.2517,0.6207,217.18
O=S(=O)(O)c1ccccc1,0.2514,0.4211,158.18
Cc1ccccc1P(=O)(O)O,0.2513,0.5600,172.12
Nc1cc(C(=O)O)cc(P(=O)(O)O)c1,0.2512,0.6207,217.12
O=C(O)c1nc(O)nc(OP(=O)(O)O)n1,0.2511,0.7568,237.06
Nc1nc(C(=O)O)nc(P(=O)(O)O)n1,0.2507,0.7308,220.08
Cc1cc(C)cc(P(=O)(O)O)c1,0.2505,0.5833,186.15
N#Cc1ccc2ccccc2c1,0.2501,0.5714,153.18
Nc1nc(C(=O)O)nc(-c2ccccc2)n1,0.2493,0.6333,216.20
Cc1cc(OP(=O)(O)O)cc(S(=O)(=O)O)c1,0.2493,0.7368,268.18
CCOP(=O)(OCC)c1ccc(N)cc1,0.2492,0.3571,229.22
Cc1cc(C#N)cc(P(=O)(O)O)c1,0.2488,0.6875,197.13
O=C(O)c1cc(O)cc(P(=O)(O)O)c1,0.2484,0.6207,218.10
Cc1nc(C)nc(P(=O)(O)O)n1,0.2483,0.7000,189.11
Cc1ccc(P(=O)(O)O)cc1,0.2482,0.4545,172.12
O=C(O)c1cc(OP(=O)(O)O)cc(OP(=O)(O)O)c1,0.2480,0.6452,314.08
Nc1nc(OP(=O)(O)O)nc(C(=O)O)n1,0.2480,0.7586,236.08
N#Cc1nc(C#N)nc(-c2ccccc2)n1,0.2476,0.6522,207.20
O=C(O)c1cc(OP(=O)(O)O)cc(S(=O)(=O)O)c1,0.2475,0.7105,298.17
N#Cc1nc(C#N)nc(OP(=O)(O)O)n1,0.2474,0.7714,227.08
Cc1cc(N)cc(OP(=O)(O)O)c1,0.2471,0.7143,203.13
CCOP(=O)(OCC)c1ccc(OP(=O)(O)O)cc1,0.2468,0.4375,310.18
CCOP(=O)(OCC)c1ccc(P(=O)(O)O)cc1,0.2467,0.3571,294.18
CCOP(=O)(OCC)c1ccccc1-c1ccccc1,0.2463,0.4375,290.30
O=C(O)c1ccccc1OP(=O)(O)O,0.2460,0.5000,218.10
Cc1nc(C#N)nc(P(=O)(O)O)n1,0.2459,0.7857,200.09
N#Cc1cc(C#N)cc(OP(=O)(O)O)c1,0.2453,0.6970,224.11
O=S(=O)(O)c1cc(O)cc(O)c1,0.2443,0.7600,190.18
O=C(O)c1ccccc1P(=O)(O)O,0.2441,0.4348,202.10
O=C(O)c1ccc(P(=O)(O)O)cc1,0.2441,0.4000,202.10
O=S(=O)(O)c1ccc(O)cc1,0.2438,0.7083,174.18
Cc1nc(C)nc(OP(=O)(O)O)n1,0.2435,0.7308,205.11
Cc1nc(C#N)nc(OP(=O)(O)O)n1,0.2431,0.7941,216.09
CCOP(=O)(OCC)c1ccc(S(=O)(=O)O)cc1,0.2422,0.4375,294.26
Cc1cc(N)cc(-c2ccccc2)c1,0.2420,0.5200,183.25
Cc1cc(-c2ccccc2)cc(S(=O)(=O)O)c1,0.2418,0.6667,248.30
Oc1cc(O)cc(O)c1,0.2417,0.7727,126.11
CCOP(=O)(OCC)c1ccccc1P(=O)(O)O,0.2403,0.4516,294.18
CCOP(=O)(OCC)c1ccccc1OP(=O)(O)O,0.2402,0.5143,310.18
O=C(O)c1cc(-c2ccccc2)cc(S(=O)(=O)O)c1,0.2399,0.5862,278.28
CCOP(=O)(OCC)c1ccc(C#N)cc1,0.2396,0.4194,239.21
CCOP(=O)(OCC)c1ccccc1N,0.2390,0.4516,229.22
N#Cc1cc(C#N)cc(-c2ccccc2)c1,0.2389,0.5500,204.23
Cc1cc(O)cc(OP(=O)(O)O)c1,0.2387,0.7059,204.12
CCOP(=O)(OCC)c1ccc(O)cc1,0.2386,0.3571,230.20
Cc1nc(C)nc(-c2ccccc2)n1,0.2384,0.6000,185.23
Cc1nc(C#N)nc(-c2ccccc2)n1,0.2373,0.7143,196.21
Nc1cc(OP(=O)(O)O)cc(C(=O)O)c1,0.2373,0.6857,233.12
CCOP(=O)(OCC)c1ccccc1S(=O)(=O)O,0.2366,0.5143,294.26
CCOP(=O)(OCC)c1cc(N)cc(N)c1,0.2361,0.4667,244.23
Cc1ccc(OP(=O)(O)O)cc1,0.2353,0.5714,188.12
CCOP(=O)(OCC)c1ccc(P(=O)(OCC)OCC)cc1,0.2344,0.2174,350.29
Nc1cc(C(=O)O)cc(-c2ccccc2)c1,0.2342,0.5556,213.24
N#Cc1nc(N)nc(S(=O)(=O)O)n1,0.2342,0.7407,201.17
N#Cc1nc(N)nc(N)n1,0.2342,0.5000,136.12
N#Cc1nc(N)nc(O)n1,0.2339,0.6667,137.10
Cc1cc(C#N)cc(OP(=O)(O)O)c1,0.2334,0.7368,213.13
O=C(O)c1cc(C(=O)O)cc(P(=O)(O)O)c1,0.2332,0.5600,246.11
N#Cc1nc(O)nc(O)n1,0.2331,0.8500,138.09
CCOP(=O)(OCC)c1cc(N)cc(P(=O)(O)O)c1,0.2330,0.5429,309.20
CCOP(=O)(OCC)c1cc(N)cc(OP(=O)(O)O)c1,0.2329,0.5897,325.19
CCOP(=O)(OCC)c1cc(OP(=O)(O)O)cc(P(=O)(O)O)c1,0.2321,0.5676,390.16
Cc1nc(N)nc(S(=O)(=O)O)n1,0.2320,0.7083,190.18
CCOP(=O)(OCC)c1cc(P(=O)(O)O)cc(P(=O)(O)O)c1,0.2320,0.4667,374.16
N#Cc1cc(C(=O)O)cc(P(=O)(O)O)c1,0.2319,0.6667,227.11
CCOP(=O)(OCC)c1cc(O)cc(P(=O)(O)O)c1,0.2319,0.5294,310.18
N#Cc1nc(O)nc(S(=O)(=O)O)n1,0.2319,0.8824,202.15
CCOP(=O)(OCC)c1cc(O)cc(OP(=O)(O)O)c1,0.2319,0.5789,326.18
O=C(O)c1ccc(S(=O)(=O)c2ccccc2)cc1,0.2314,0.3636,262.29
CCOP(=O)(OCC)c1cc(OP(=O)(O)O)cc(OP(=O)(O)O)c1,0.2312,0.5294,406.16
CCOP(=O)(OCC)c1ccccc1P(=O)(OCC)OCC,0.2308,0.3462,350.29
O=C(O)c1nc(OP(=O)(O)O)nc(C(=O)O)n1,0.2308,0.7273,265.07
CCOP(=O)(OCC)c1ccccc1C#N,0.2308,0.5000,239.21
CCOP(=O)(OCC)c1ccc(C)cc1,0.2307,0.3333,228.23
O=C(O)c1cc(O)cc(OP(=O)(O)O)c1,0.2306,0.6857,234.10
Cc1nc(O)nc(S(=O)(=O)O)n1,0.2305,0.8286,191.17
Cc1ccc(S(=O)(=O)c2ccccc2)cc1,0.2305,0.3000,232.30
CCOP(=O)(OCC)c1cc(P(=O)(O)O)cc(S(=O)(=O)O)c1,0.2303,0.5789,374.24
CCOP(=O)(OCC)c1cc(OP(=O)(O)O)cc(S(=O)(=O)O)c1,0.2302,0.6190,390.24
O=C(O)c1nc(C(=O)O)nc(P(=O)(O)O)n1,0.2302,0.7143,249.08
Cc1cc(O)cc(-c2ccccc2)c1,0.2298,0.5909,184.24
CCOP(=O)(OCC)c1ccccc1O,0.2293,0.4333,230.20
Cc1cc(C)cc(OP(=O)(O)O)c1,0.2291,0.6667,202.15
N#Cc1ccccc1S(=O)(=O)O,0.2288,0.7241,183.19
CCOP(=O)(OCC)c1cc(N)cc(S(=O)(=O)O)c1,0.2281,0.5897,309.28
N#Cc1nc(C(=O)O)nc(-c2ccccc2)n1,0.2278,0.6667,226.20
N#Cc1nc(OP(=O)(O)O)nc(C(=O)O)n1,0.2275,0.7805,246.08
Cc1cc(C(=O)O)cc(P(=O)(O)O)c1,0.2275,0.6333,216.13
N#Cc1nc(C(=O)O)nc(P(=O)(O)O)n1,0.2269,0.7778,230.08
CCOP(=O)(OCC)c1cc(S(=O)(=O)O)cc(S(=O)(=O)O)c1,0.2268,0.5294,374.33
CCOP(=O)(OCC)c1cc(O)cc(S(=O)(=O)O)c1,0.2267,0.5789,310.26
O=C(O)c1ccc(OP(=O)(O)O)cc1,0.2264,0.4783,218.10
CCOP(=O)(OCC)c1cc(N)cc(O)c1,0.2264,0.5429,245.21
CCOP(=O)(OCC)c1nc(O)nc(P(=O)(O)O)n1,0.2264,0.6486,313.14
CCOP(=O)(OCC)c1nc(O)nc(OP(=O)(O)O)n1,0.2264,0.6829,329.14
O=C(O)c1nc(C(=O)O)nc(-c2ccccc2)n1,0.2264,0.5600,245.19
CCOP(=O)(OCC)c1nc(N)nc(N)n1,0.2263,0.6061,247.19
CCOP(=O)(OCC)c1cc(N)cc(C#N)c1,0.2258,0.5789,254.23
Cc1cc(C#N)cc(-c2ccccc2)c1,0.2255,0.6400,193.25
Cc1nc(N)nc(N)n1,0.2255,0.3846,125.14
Cc1nc(C(=O)O)nc(P(=O)(O)O)n1,0.2253,0.7576,219.09
Cc1nc(N)nc(O)n1,0.2251,0.6316,126.12
CCOP(=O)(OCC)c1nc(P(=O)(O)O)nc(P(=O)(O)O)n1,0.2250,0.6061,377.12
CCOP(=O)(OCC)c1nc(OP(=O)(O)O)nc(P(=O)(O)O)n1,0.2250,0.6750,393.12
CCOP(=O)(OCC)c1nc(OP(=O)(O)O)nc(OP(=O)(O)O)n1,0.2247,0.6486,409.12
Cc1nc(O)nc(O)n1,0.2246,0.8333,127.10
CCOP(=O)(OCC)c1nc(P(=O)(O)O)nc(S(=O)(=O)O)n1,0.2242,0.6829,377.21
CCOP(=O)(OCC)c1nc(OP(=O)(O)O)nc(S(=O)(=O)O)n1,0.2242,0.7111,393.21
CCOP(=O)(OCC)c1nc(N)nc(P(=O)(O)O)n1,0.2241,0.6579,312.16
CCOP(=O)(OCC)c1nc(N)nc(OP(=O)(O)O)n1,0.2241,0.6905,328.16
Cc1ccc(Oc2ccccc2)cc1,0.2240,0.3333,184.24
CCOP(=O)(OCC)c1cc(O)cc(O)c1,0.2236,0.4667,246.20
CCOP(=O)(OCC)c1ccccc1C,0.2235,0.4333,228.23
CCOP(=O)(OCC)c1cc(C#N)cc(P(=O)(O)O)c1,0.2234,0.5789,319.19
CCOP(=O)(OCC)c1cc(C#N)cc(OP(=O)(O)O)c1,0.2234,0.6190,335.19
CCOP(=O)(OCC)c1cc(C#N)cc(C#N)c1,0.2233,0.5152,264.22
O=C(O)c1cc(O)cc(-c2ccccc2)c1,0.2223,0.5385,214.22
CCOP(=O)(OCC)c1nc(O)nc(S(=O)(=O)O)n1,0.2223,0.6829,313.23
CCOP(=O)(OCC)c1cc(C#N)cc(P(=O)(OCC)OCC)c1,0.2214,0.5152,375.30
CCOP(=O)(OCC)c1cc(N)cc(P(=O)(OCC)OCC)c1,0.2213,0.4667,365.30
CCOP(=O)(OCC)c1nc(N)nc(O)n1,0.2207,0.6216,248.18
N#Cc1ccccc1-c1ccccc1,0.2206,0.6190,179.22
N#Cc1cc(OP(=O)(O)O)cc(C(=O)O)c1,0.2206,0.7105,243.11
CCOP(=O)(OCC)c1nc(S(=O)(=O)O)nc(S(=O)(=O)O)n1,0.2205,0.6486,377.29
CCOP(=O)(OCC)c1nc(N)nc(S(=O)(=O)O)n1,0.2202,0.6905,312.24
Cc1nc(OP(=O)(O)O)nc(C(=O)O)n1,0.2201,0.7632,235.09
CCOP(=O)(OCC)c1ccc(C(=O)O)cc1,0.2201,0.3667,258.21
O=C(O)c1cc(OP(=O)(O)O)cc(C(=O)O)c1,0.2201,0.6452,262.11
CCOP(=O)(OCC)c1cc(C#N)cc(S(=O)(=O)O)c1,0.2196,0.6190,319.27
Cc1nc(C(=O)O)nc(-c2ccccc2)n1,0.2196,0.6333,215.21
N#Cc1cc(N)cc(N)c1,0.2195,0.7368,133.15
CCOP(=O)(OCC)c1nc(O)nc(O)n1,0.2192,0.6061,249.16
CCOP(=O)(OCC)c1cc(C)cc(N)c1,0.2185,0.5294,243.24
Nc1nc(O)nc(C(=O)O)n1,0.2178,0.6818,156.10
CCOP(=O)(OCC)c1nc(C#N)nc(C#N)n1,0.2177,0.6389,267.18
CCOP(=O)(OCC)c1cc(P(=O)(O)O)cc(P(=O)(OCC)OCC)c1,0.2174,0.4667,430.27
CCOP(=O)(OCC)c1nc(N)nc(C#N)n1,0.2173,0.6829,257.19
CCOP(=O)(OCC)c1cc(C)cc(P(=O)(O)O)c1,0.2173,0.5294,308.21
Cc1ccc(-c2ccccc2)cc1,0.2172,0.3571,168.24
CCOP(=O)(OCC)c1cc(C)cc(OP(=O)(O)O)c1,0.2172,0.5789,324.21
CCOP(=O)(OCC)c1cc(P(=O)(OCC)OCC)cc(P(=O)(OCC)OCC)c1,0.2168,0.3600,486.38
Cc1cc(C)cc(-c2ccccc2)c1,0.2167,0.4706,182.27
CCOP(=O)(OCC)c1cc(OP(=O)(O)O)cc(P(=O)(OCC)OCC)c1,0.2167,0.5294,446.27
CCOP(=O)(OCC)c1cc(O)cc(C#N)c1,0.2167,0.5789,255.21
Nc1nc(N)nc(C(=O)O)n1,0.2162,0.5294,155.12
N#Cc1cc(N)cc(O)c1,0.2159,0.7917,134.14
CCOP(=O)(OCC)c1nc(C#N)nc(OP(=O)(O)O)n1,0.2157,0.7111,338.15
CCOP(=O)(OCC)c1nc(C#N)nc(P(=O)(O)O)n1,0.2157,0.6829,322.15
CCOP(=O)(OCC)c1nc(N)nc(P(=O)(OCC)OCC)n1,0.2156,0.6061,368.27
Cc1ccc2ccccc2c1,0.2155,0.5000,142.20
CCOP(=O)(OCC)c1ccccc1C(=O)O,0.2154,0.4545,258.21
O=C(O)c1ccc(Oc2ccccc2)cc1,0.2153,0.4091,214.22
N#Cc1cc(O)cc(O)c1,0.2151,0.8333,135.12
N#Cc1cc(C(=O)O)cc(-c2ccccc2)c1,0.2150,0.6000,223.23
CCOP(=O)(OCC)c1cc(C)cc(P(=O)(OCC)OCC)c1,0.2147,0.4483,364.32
CCOP(=O)(OCC)c1nc(C#N)nc(P(=O)(OCC)OCC)n1,0.2146,0.6389,378.26
CCOP(=O)(OCC)c1cc(O)cc(P(=O)(OCC)OCC)c1,0.2146,0.4667,366.29
O=C(O)c1ccc(-c2ccccc2)cc1,0.2145,0.3158,198.22
O=C(O)c1nc(O)nc(O)n1,0.2143,0.7273,157.08
CCOP(=O)(OCC)c1cc(C)cc(C#N)c1,0.2142,0.5676,253.24
CCOP(=O)(OCC)c1cc(C)cc(S(=O)(=O)O)c1,0.2138,0.5789,308.29
CCOP(=O)(OCC)c1nc(P(=O)(OCC)OCC)nc(P(=O)(OCC)OCC)n1,0.2137,0.5357,489.34
CCOP(=O)(OCC)c1cc(P(=O)(OCC)OCC)cc(S(=O)(=O)O)c1,0.2137,0.5294,430.35
CCOP(=O)(OCC)c1nc(C)nc(N)n1,0.2134,0.6486,246.21
CCOP(=O)(OCC)c1cc(N)cc(C(=O)O)c1,0.2133,0.5405,273.22
CCOP(=O)(OCC)c1cc(C(=O)O)cc(P(=O)(O)O)c1,0.2130,0.5278,338.19
CCOP(=O)(OCC)c1cc(OP(=O)(O)O)cc(C(=O)O)c1,0.2130,0.5750,354.19
CCOP(=O)(OCC)c1nc(P(=O)(O)O)nc(P(=O)(OCC)OCC)n1,0.2128,0.6061,433.23
N#Cc1ccc(S(=O)(=O)O)cc1,0.2127,0.7500,183.19
N#Cc1nc(S(=O)(=O)O)nc(S(=O)(=O)O)n1,0.2126,0.8710,266.22
O=C(O)c1ccc2ccccc2c1,0.2124,0.4783,172.18
CCOP(=O)(OCC)c1nc(OP(=O)(O)O)nc(P(=O)(OCC)OCC)n1,0.2122,0.6486,449.23
CCOP(=O)(OCC)c1nc(C)nc(P(=O)(O)O)n1,0.2121,0.6486,311.17
CCOP(=O)(OCC)c1nc(C)nc(OP(=O)(O)O)n1,0.2119,0.6829,327.17
CCOP(=O)(OCC)c1nc(O)nc(P(=O)(OCC)OCC)n1,0.2118,0.6061,369.25
CCOP(=O)(OCC)c1nc(C#N)nc(S(=O)(=O)O)n1,0.2118,0.7111,322.24
CCOP(=O)(OCC)c1nc(C)nc(P(=O)(OCC)OCC)n1,0.2117,0.5938,367.28
CCOP(=O)(OCC)c1cc(C)cc(C)c1,0.2109,0.4483,242.25
N#Cc1cc(N)cc(S(=O)(=O)O)c1,0.2098,0.8235,198.20
CCOP(=O)(OCC)c1cc(C(=O)O)cc(S(=O)(=O)O)c1,0.2097,0.5641,338.27
CCOP(=O)(OCC)c1nc(O)nc(C#N)n1,0.2096,0.6750,258.17
CCOP(=O)(OCC)c1nc(C)nc(C)n1,0.2092,0.5938,245.22
CCOP(=O)(OCC)c1cc(O)cc(C(=O)O)c1,0.2092,0.5278,274.21
CCOP(=O)(OCC)c1nc(C)nc(C#N)n1,0.2090,0.6750,256.20
CCOP(=O)(OCC)c1nc(P(=O)(OCC)OCC)nc(S(=O)(=O)O)n1,0.2089,0.6486,433.32
CCOP(=O)(OCC)c1nc(C)nc(S(=O)(=O)O)n1,0.2088,0.6750,311.26
Cc1nc(C)nc(S(=O)(=O)O)n1,0.2081,0.8065,189.20
CCOP(=O)(OCC)c1nc(C(=O)O)nc(P(=O)(O)O)n1,0.2081,0.6410,341.15
CCOP(=O)(OCC)c1nc(OP(=O)(O)O)nc(C(=O)O)n1,0.2081,0.6667,357.15
CCOP(=O)(OCC)c1cc(C)cc(O)c1,0.2081,0.5294,244.23
Cc1cc(OP(=O)(O)O)cc(C(=O)O)c1,0.2080,0.6944,232.13
N#Cc1nc(N)nc(C#N)n1,0.2079,0.5882,146.11
O=C(O)c1ccncc1,0.2075,0.3889,123.11
O=C(O)c1cc(C(=O)O)cc(-c2ccccc2)c1,0.2074,0.4545,242.23
N#Cc1cc(O)cc(S(=O)(=O)O)c1,0.2071,0.8182,199.19
Nc1nc(C(=O)O)nc(S(=O)(=O)O)n1,0.2070,0.7308,220.17
CCOP(=O)(OCC)c1cc(C#N)cc(C(=O)O)c1,0.2067,0.5750,283.22
CCOP(=O)(OCC)c1cc(C(=O)O)cc(C(=O)O)c1,0.2065,0.4688,302.22
N#Cc1nc(O)nc(C#N)n1,0.2062,0.8500,147.10
CCOP(=O)(OCC)c1nc(O)nc(C(=O)O)n1,0.2061,0.6410,277.17
CCOP(=O)(OCC)c1cc(C(=O)O)cc(P(=O)(OCC)OCC)c1,0.2055,0.4688,394.30
CCOP(=O)(OCC)c1nc(C)nc(O)n1,0.2054,0.6486,247.19
Cc1cc(N)cc(N)c1,0.2044,0.6875,122.17
O=C(O)c1nc(O)nc(S(=O)(=O)O)n1,0.2043,0.8000,221.15
Cc1cc(N)cc(S(=O)(=O)O)c1,0.2042,0.8000,187.22
CCOP(=O)(OCC)c1nc(N)nc(C(=O)O)n1,0.2042,0.6500,276.19
Cc1nc(S(=O)(=O)O)nc(S(=O)(=O)O)n1,0.2040,0.8065,255.23
CCOP(=O)(OCC)c1nc(C(=O)O)nc(S(=O)(=O)O)n1,0.2040,0.6744,341.24
N#Cc1ccccc1C#N,0.2034,0.6875,128.13
Nc1ccccc1C(=O)O,0.2027,0.3500,137.14
CCOP(=O)(OCC)c1nc(C(=O)O)nc(C(=O)O)n1,0.2024,0.6000,305.18
CCOP(=O)(OCC)c1cc(C)cc(C(=O)O)c1,0.2021,0.5278,272.24
Cc1cc(N)cc(O)c1,0.2016,0.7619,123.15
CCOP(=O)(OCC)c1nc(C(=O)O)nc(P(=O)(OCC)OCC)n1,0.2015,0.6000,397.26
N#Cc1nc(C#N)nc(S(=O)(=O)O)n1,0.2014,0.8710,211.16
CCOP(=O)(OCC)c1nc(C#N)nc(C(=O)O)n1,0.2014,0.6744,286.18
Cc1nc(C#N)nc(S(=O)(=O)O)n1,0.2001,0.8462,200.18
Cc1cc(C(=O)O)cc(-c2ccccc2)c1,0.1998,0.5556,212.25
Nc1cc(N)cc(C(=O)O)c1,0.1994,0.5500,152.15
N#Cc1cc(N)cc(C#N)c1,0.1994,0.6667,143.15
N#Cc1nc(C#N)nc(C#N)n1,0.1993,0.8125,156.11
Nc1cc(O)cc(C(=O)O)c1,0.1988,0.6250,153.14
CCOP(=O)(OCC)c1nc(C)nc(C(=O)O)n1,0.1984,0.6410,275.20
Cc1nc(N)nc(C#N)n1,0.1979,0.6818,135.13
Cc1ccccc1-c1ccccc1,0.1975,0.5556,168.24
Cc1nc(C)nc(N)n1,0.1975,0.5000,124.15
N#Cc1cc(O)cc(C#N)c1,0.1971,0.8333,144.13
O=C(O)c1nc(S(=O)(=O)O)nc(S(=O)(=O)O)n1,0.1967,0.7692,285.22
Cc1ccccc1S(=O)(=O)O,0.1967,0.6923,172.20
Cc1nc(O)nc(C#N)n1,0.1963,0.8800,136.11
N#Cc1ccc(C#N)cc1,0.1961,0.8125,128.13
Cc1nc(C)nc(O)n1,0.1960,0.8333,125.13
N#Cc1cc(S(=O)(=O)O)cc(S(=O)(=O)O)c1,0.1947,0.7931,263.25
O=C(O)c1ccccc1-c1ccccc1,0.1942,0.3810,198.22
Nc1ccc(C(=O)O)cc1,0.1924,0.2941,137.14
Cc1nc(C#N)nc(C#N)n1,0.1920,0.8571,145.12
Cc1nc(C)nc(C)n1,0.1915,0.7692,123.16
Nc1cc(C(=O)O)cc(S(=O)(=O)O)c1,0.1914,0.6667,217.20
Cc1nc(C)nc(C#N)n1,0.1913,0.8571,134.14
N#Cc1nc(O)nc(C(=O)O)n1,0.1909,0.7931,166.10
N#Cc1nc(N)nc(C(=O)O)n1,0.1903,0.7308,165.11
N#Cc1cc(C#N)cc(C#N)c1,0.1902,0.8125,153.14
N#Cc1cc(C#N)cc(S(=O)(=O)O)c1,0.1859,0.7931,208.20
O=C(O)c1nc(O)nc(C(=O)O)n1,0.1858,0.7273,185.09
Cc1nc(O)nc(C(=O)O)n1,0.1853,0.7778,155.11
Cc1cc(N)cc(C#N)c1,0.1842,0.7917,132.17
Cc1nc(N)nc(C(=O)O)n1,0.1840,0.6957,154.13
Nc1nc(C(=O)O)nc(C(=O)O)n1,0.1837,0.6111,184.11
O=C(O)c1ccccc1O,0.1821,0.2778,138.12
N#Cc1ccccc1C(=O)O,0.1811,0.4348,147.13
Cc1nc(C)nc(C(=O)O)n1,0.1809,0.7368,153.14
N#Cc1nc(C#N)nc(C(=O)O)n1,0.1808,0.7692,175.11
O=C(O)c1ccccc1S(=O)(=O)O,0.1806,0.4348,202.19
Cc1cc(O)cc(C#N)c1,0.1799,0.7917,133.15
Cc1nc(C#N)nc(C(=O)O)n1,0.1794,0.8065,164.12
Cc1cc(C)cc(N)c1,0.1790,0.6667,121.18
N#Cc1cc(N)cc(C(=O)O)c1,0.1788,0.6786,162.15
Cc1cc(O)cc(S(=O)(=O)O)c1,0.1786,0.8000,188.20
Cc1cc(C#N)cc(S(=O)(=O)O)c1,0.1786,0.8235,197.21
Cc1cc(C#N)cc(C#N)c1,0.1782,0.7368,142.16
O=C(O)c1ccccc1,0.1777,0.0000,122.12
Cc1cc(O)cc(O)c1,0.1756,0.6875,124.14
N#Cc1cc(O)cc(C(=O)O)c1,0.1748,0.6667,163.13
N#Cc1nc(C(=O)O)nc(C(=O)O)n1,0.1739,0.7692,194.11
Cc1cc(C)cc(S(=O)(=O)O)c1,0.1732,0.7619,186.23
N#Cc1ccc(C(=O)O)cc1,0.1732,0.4000,147.13
Cc1cc(C)cc(C#N)c1,0.1728,0.7368,131.18
O=C(O)c1cc(S(=O)(=O)O)cc(S(=O)(=O)O)c1,0.1727,0.5909,282.25
Cc1nc(C(=O)O)nc(C(=O)O)n1,0.1722,0.7368,183.12
Cc1ccc(S(=O)(=O)O)cc1,0.1722,0.5556,172.20
O=C(O)c1ccc(O)cc1,0.1721,0.2500,138.12
O=C(O)c1cc(O)cc(O)c1,0.1717,0.5263,154.12
Nc1cc(C(=O)O)cc(C(=O)O)c1,0.1715,0.5500,181.15
Cc1cc(N)cc(C(=O)O)c1,0.1697,0.6400,151.16
Cc1cc(S(=O)(=O)O)cc(S(=O)(=O)O)c1,0.1694,0.7619,252.27
Cc1nc(C(=O)O)nc(S(=O)(=O)O)n1,0.1689,0.8065,219.18
N#Cc1cc(C#N)cc(C(=O)O)c1,0.1688,0.6087,172.14
O=C(O)c1ccc(S(=O)(=O)O)cc1,0.1678,0.3684,202.19
O=C(O)c1ccccc1C(=O)O,0.1673,0.0000,166.13
O=C(O)c1cc(O)cc(S(=O)(=O)O)c1,0.1672,0.6538,218.19
Cc1cc(C)cc(O)c1,0.1640,0.6875,122.17
Cc1cc(C#N)cc(C(=O)O)c1,0.1631,0.6786,161.16
Cc1ccccc1C(=O)O,0.1629,0.3500,136.15
N#Cc1cc(C(=O)O)cc(C(=O)O)c1,0.1591,0.6087,191.14
O=C(O)c1cc(O)cc(C(=O)O)c1,0.1580,0.5263,182.13
O=C(O)c1nc(C(=O)O)nc(S(=O)(=O)O)n1,0.1577,0.7692,249.16
Cc1cc(C)cc(C)c1,0.1572,0.5455,120.19
O=C(O)c1ccc(C(=O)O)cc1,0.1568,0.0000,166.13
N#Cc1nc(C(=O)O)nc(S(=O)(=O)O)n1,0.1560,0.8235,230.16
Cc1cc(O)cc(C(=O)O)c1,0.1560,0.6250,152.15
O=C(O)c1nc(C(=O)O)nc(C(=O)O)n1,0.1543,0.6667,213.10
Cc1cc(C)cc(C(=O)O)c1,0.1538,0.5500,150.18
Cc1ccc(C(=O)O)cc1,0.1518,0.2941,136.15
Cc1cc(C(=O)O)cc(C(=O)O)c1,0.1483,0.5500,180.16
N#Cc1cc(C(=O)O)cc(S(=O)(=O)O)c1,0.1476,0.7000,227.20
Cc1cc(C(=O)O)cc(S(=O)(=O)O)c1,0.1464,0.6667,216.21
O=C(O)c1cc(C(=O)O)cc(S(=O)(=O)O)c1,0.1429,0.5909,246.20
O=C(O)c1cc(C(=O)O)cc(C(=O)O)c1,0.1389,0.4000,210.14
